1,"Adolfo ",Flores Limon,8000408,22,i@hotmail.com
5,Barbara,Abascal,8000670,8306986,Barbara.Abascal@hotmail.com
6,Fanny,Caparros,8000574,8088007,Fanny.Caparros@hotmail.com
7,Loreto,Calleja,8000373,8845303,Loreto.Calleja@hotmail.com
8,Rogelio,Garces,8000542,8422017,Rogelio.Garces@hotmail.com
9,Anastasio,Batlle,8000588,8158967,Anastasio.Batlle@hotmail.com
10,Gabriela,Coca,8000274,8482838,Gabriela.Coca@hotmail.com
11,Duilio,Ruben,8000807,8760918,Duilio.Ruben@hotmail.com
12,Esmeralda,Cuesta,8000686,8575745,Esmeralda.Cuesta@hotmail.com
13,Jacinto,Arco,8000314,8450955,Jacinto.Arco@hotmail.com
14,Candido,Viña,8000880,8760386,Candido.Viña@hotmail.com
15,Luis,Miguel,8000247,8376739,Luis.Miguel@hotmail.com
16,Guillermo,Mari,8000866,8230418,Guillermo.Mari@hotmail.com
17,Marcial,Laguna,8000749,8411875,Marcial.Laguna@hotmail.com
18,Curro,Bernardino,8000855,8889340,Curro.Bernardino@hotmail.com
19,Purificacion,Almagro-Larrañaga,8000504,8766283,Purificacion.Almagro-Larrañaga@hotmail.com
20,Petrona,de,8000131,8322961,Petrona.de@hotmail.com
21,Adan,Arregui-Fuertes,8000567,8136940,Adan.Arregui-Fuertes@hotmail.com
22,Trini,Diaz,8000736,8003442,Trini.Diaz@hotmail.com
23,Gisela,Zaragoza,8000360,8689205,Gisela.Zaragoza@hotmail.com
24,Tecla,Felicidad,8000927,8445106,Tecla.Felicidad@hotmail.com
25,Domitila,del,8000802,8136624,Domitila.del@hotmail.com
26,Guiomar,Jimenez,8000526,8238727,Guiomar.Jimenez@hotmail.com
27,Telmo,del,8000973,8595709,Telmo.del@hotmail.com
28,Brigida,Montserrat,8000143,8602499,Brigida.Montserrat@hotmail.com
29,Celia,Mari-Lara,8000124,8529202,Celia.Mari-Lara@hotmail.com
30,Ildefonso,de,8000817,8433520,Ildefonso.de@hotmail.com
31,Isidro,Salamanca-Pedrero,8000616,8896778,Isidro.Salamanca-Pedrero@hotmail.com
32,Edgar,Lazaro,8000856,8681550,Edgar.Lazaro@hotmail.com
33,Lupe,Roldan,8000112,8876644,Lupe.Roldan@hotmail.com
34,Irma,de,8000325,8697586,Irma.de@hotmail.com
35,Agustina,Escalona,8000909,8845246,Agustina.Escalona@hotmail.com
36,Jose,Carlos,8000874,8260547,Jose.Carlos@hotmail.com
37,Ricarda,Barrena,8000944,8096927,Ricarda.Barrena@hotmail.com
38,Ulises,del,8000694,8357588,Ulises.del@hotmail.com
39,Hortensia,Sanchez,8000660,8171037,Hortensia.Sanchez@hotmail.com
40,Abilio,del,8000744,8157984,Abilio.del@hotmail.com
41,Fortunato,Casas,8000375,8067401,Fortunato.Casas@hotmail.com
42,Valentin,Pelayo,8000249,8818643,Valentin.Pelayo@hotmail.com
43,Ximena,de,8000393,8857208,Ximena.de@hotmail.com
44,Nazario,Guillen,8000459,8837129,Nazario.Guillen@hotmail.com
45,Alicia,Llabres,8000790,8221498,Alicia.Llabres@hotmail.com
46,Walter,Baños,8000194,8971000,Walter.Baños@hotmail.com
47,Leocadio,Domenech,8000610,8227715,Leocadio.Domenech@hotmail.com
48,Valero,Candido,8000710,8613299,Valero.Candido@hotmail.com
49,Ariel,Miro,8000232,8431624,Ariel.Miro@hotmail.com
50,Emiliano,Perez,8000707,8760549,Emiliano.Perez@hotmail.com
51,Aurelio,Viña,8000396,3723966,Aurelio.Viña@hotmail.com
52,Natalia,Sebastian,8000767,2715259,Natalia.Sebastian@hotmail.com
53,Candida,Revilla,8000861,8946853,Candida.Revilla@hotmail.com
54,Magdalena,Herranz,8000160,5068124,Magdalena.Herranz@hotmail.com
55,Marta,Viana,8000739,3291514,Marta.Viana@hotmail.com
56,Alexandra,Lorenzo,8000679,6725054,Alexandra.Lorenzo@hotmail.com
57,Graciano,Salomon,8000523,8002065,Graciano.Salomon@hotmail.com
58,Macaria,Andres,8000890,3052676,Macaria.Andres@hotmail.com
59,Ines,Alexandra,8000975,7686782,Ines.Alexandra@hotmail.com
60,Delfina,Jimenez,8000432,8341318,Delfina.Jimenez@hotmail.com
61,Ana,Martínez,8000561,5697207,Ana.Martínez@hotmail.com
62,Reyna,Grau,8000448,3152257,Reyna.Grau@hotmail.com
63,Jose,Antonio,8000388,6438622,Jose.Antonio@hotmail.com
64,Juan,Carlos,8000717,8295565,Juan.Carlos@hotmail.com
65,Teodosio,Naranjo-Acevedo,8000556,5675053,Teodosio.Naranjo-Acevedo@hotmail.com
66,Marciano,Chuy,8000165,8916830,Marciano.Chuy@hotmail.com
67,Ciriaco,Exposito,8000666,4309485,Ciriaco.Exposito@hotmail.com
68,Maribel,Davila-Alcala,8000898,5093002,Maribel.Davila-Alcala@hotmail.com
69,Nicodemo,Lucena,8000468,7367283,Nicodemo.Lucena@hotmail.com
70,Ramona,Perera,8000273,7628547,Ramona.Perera@hotmail.com
71,Jose,Mari,8000886,3930371,Jose.Mari@hotmail.com
72,Sonia,Martinez,8000683,7371950,Sonia.Martinez@hotmail.com
73,Noelia,Pozo,8000339,7356534,Noelia.Pozo@hotmail.com
74,Jacinto,Navas,8000963,3042768,Jacinto.Navas@hotmail.com
75,Jose,Antonio,8000971,5060210,Jose.Antonio@hotmail.com
76,Amada,Ribas-Calzada,8000640,1826025,Amada.Ribas-Calzada@hotmail.com
77,Angel,Cornelio,8000238,2098882,Angel.Cornelio@hotmail.com
78,Eulalia,Arteaga,8000587,5336885,Eulalia.Arteaga@hotmail.com
79,Eliseo,Vilaplana,8000653,7175684,Eliseo.Vilaplana@hotmail.com
80,Manola,Guerrero,8000105,5396799,Manola.Guerrero@hotmail.com
81,Ligia,Echeverria,8000262,8334923,Ligia.Echeverria@hotmail.com
82,Rosendo,Larrea,8000435,3824487,Rosendo.Larrea@hotmail.com
83,Augusto,Mayo,8000705,7162436,Augusto.Mayo@hotmail.com
84,Aura,Somoza,8000864,5098840,Aura.Somoza@hotmail.com
85,Cloe,Domingo,8000391,6752926,Cloe.Domingo@hotmail.com
86,Rosario,Teofila,8000534,1697263,Rosario.Teofila@hotmail.com
87,Abraham,Palmer,8000328,2228317,Abraham.Palmer@hotmail.com
88,Luisa,Vera,8000125,7667652,Luisa.Vera@hotmail.com
89,Ileana,Pedrero,8000463,5309447,Ileana.Pedrero@hotmail.com
90,Carmelo,Juarez,8000965,7882334,Carmelo.Juarez@hotmail.com
91,Mar,Carreño,8000519,8302032,Mar.Carreño@hotmail.com
92,Brigida,Chamorro,8000641,3753579,Brigida.Chamorro@hotmail.com
93,Jose,Carlos,8000452,4226054,Jose.Carlos@hotmail.com
94,Amaya,Herrero,8000270,3680909,Amaya.Herrero@hotmail.com
95,Adrian,Hernandez,8000506,5894627,Adrian.Hernandez@hotmail.com
96,"Erika ",,8000502,529993383375,erica.chan@hotmail.com
97,Naki Jannet,Dejo Vicente,8000592,51938,naki.dejovicente@hotmail.com
98,Azucena,,8000656,5299549,azucena@hotmail.com
99,David,Benavides,8000776,5194980,david.benavides@hotmail.com
100,"Carlos ",Barrutieta,8000672,5220841,a@hotmail.com
